Diabetes_01,MentHlth_group,Count,Count_,Percentage
Healthy,Not so sad,185417,213703,0.867638732259257
Healthy,Very sad,10330,213703,0.04833811411164092
Healthy,Sad,17956,213703,0.08402315362910207
Pre-diabetic or Diabetic,Not so sad,32055,39977,0.801836055732046
Pre-diabetic or Diabetic,Very sad,3555,39977,0.08892613252620257
Pre-diabetic or Diabetic,Sad,4367,39977,0.10923781174175151
